{"main":["analytics.js"],"events":[],"methods":[],"name":"Analytics","type":"utility","description":"A jQuery plugin for Google Analytics Events.","dependencies":["core.js"],"use":"### Basic\n\nTrack click events in Google Analytics by attaching a properly formed data attribute to any element. The data attribute should define at least the required values, category and action. Values should be comma separated:\n\n```markup\n<button data-analytics-event=\"category, action [, label] [, value]\">...</button>\n```\n\n### Advanced\n\nFire custom events by passing the event values directly to Analytics:\n\n```javascript\n$.analytics(category, action [, label] [, value]);\n```\n\nLearn more about <a href=\"https://developers.google.com/analytics/devguides/collection/analyticsjs/events\" target=\"_blank\">Event Tracking with Universal Analytics</a>."}