{"main":["mediaquery.js"],"options":[{"name":"minWidth","type":" 0 ","description":"Array of min-widths"},{"name":"maxWidth","type":" Infinity ","description":"Array of max-widths"},{"name":"minHeight","type":" 0 ","description":"Array of min-heights"},{"name":"maxHeight","type":" Infinity ","description":"Array of max-heights"},{"name":"unit","type":"string","default":"'px'","description":"Unit to use when matching widths and heights"}],"events":[{"name":"mqchange.mediaquery","description":"Change to a media query match; Triggered on window"}],"methods":[{"name":"bind","description":"Binds callbacks to media query matching.","params":[{"name":"key","type":"string","description":"Instance key"},{"name":"media","type":"string","description":"Media query to match"},{"name":"data","type":"object","description":"Object containing 'enter' and 'leave' callbacks"}],"examples":["$.mediaquery(\"bind\", \"key\", \"(min-width: 500px)\", { ... });"]},{"name":"defaults","description":"Extends plugin default settings; effects instances created hereafter.","params":[{"name":"options","type":"object","default":"{}","description":"New plugin defaults"}],"examples":["$.media query(\"defaults\", { ... });"]},{"name":"state","description":"Returns the current state.","return":{"type":"object","description":"Current state object"},"examples":["var state = $.mediaquery(\"state\");"]},{"name":"unbind","description":"Unbinds all callbacks from media query.","params":[{"name":"key","type":"string","description":"Instance key"},{"name":"media","type":"string","description":"Media query to unbind; defaults to all"}],"examples":["$.mediaquery(\"unbind\", \"key\");"]}],"name":"Media Query","type":"utility","description":"A jQuery plugin for responsive media query events.","dependencies":["core.js"],"use":"### Basic\n\nMedia Query can track global changes to screen size based on an existing grid system. This is useful when many elements need to be resized at any change to the target screen size. Start by configuring the dimensions to be tracked by passing arrays at initialization. These arrays should contain the target width and/or heights to react to:\n\n```javascript\n$.mediaquery({\n\tminWidth     : [ 320, 500, 740, 980, 1220 ],\n\tmaxWidth     : [ 1220, 980, 740, 500, 320 ],\n\tminHeight    : [ 400, 800 ],\n\tmaxHeight    : [ 800, 400 ]\n});\n```\n\n### Events\n\nAfter initializing, simply listen for the `mqchange.mediaquery` event:\n\n```javascript\n$(window).on(\"mqchange.mediaquery\", function(e, state) {\n\tconsole.log(state.minWidth, state.maxWidth, state.minHeight, state.maxHeight);\n});\n```\n\nNote: In the example above, the `mqchange.mediaquery` event will be fire twice for each breakpoint. This is because Mediaquery will respond to both the `min-width` and `max-width` changes.\n\n### Binding\n\nMedia Query can also bind events to specific media query changes for more fine grain control:\n\n```javascript\n$.mediaquery(\"bind\", \"mq-key\", \"(min-width: 740px)\", {\n\tenter: function() {\n\t\t...\n\t},\n\tleave: function() {\n\t\t...\n\t}\n});\n```\n\nTo unbind a Media Query:\n\n```javascript\n$.mediaquery(\"unbind\", \"mq-key\");\n```\n\n### IE Support\n\nWhen supporting IE, a [HTML5 enabler](https://gist.github.com/benplum/8045366) and matchMedia polyfill ([IE 8](https://gist.github.com/benplum/8045336), [IE 9](https://gist.github.com/benplum/8045327)) are required.","demo":"<style>\r\n\t.demo_output { margin: 20px 0; }\r\n\t.demo_output span { display: inline-block; width: 90px; }\r\n\t.demo_output p { margin: 0 0 20px; }\r\n\t.demo_output p:first-child { font-weight: 600; }\r\n</style>\r\n\r\n<script>\r\n\t$(function() {\r\n\t\t$(window).on(\"mqchange.mediaquery\", logChange);\r\n\r\n\t\tif (!$.mediaquery(\"state\")) {\r\n\t\t\t$.mediaquery({\r\n\t\t\t\tminWidth     : [ 320, 500, 740, 980, 1220 ],\r\n\t\t\t\tmaxWidth     : [ 1220, 980, 740, 500, 320 ],\r\n\t\t\t\tminHeight    : [ 400, 800 ],\r\n\t\t\t\tmaxHeight    : [ 800, 400 ]\r\n\t\t\t});\r\n\t\t}\r\n\r\n\t\t$.mediaquery(\"bind\", \"demo\", \"(min-width: 740px)\", {\r\n\t\t\tenter: logBind,\r\n\t\t\tleave: logBind\r\n\t\t});\r\n\t});\r\n\r\n\tfunction logChange(e, state) {\r\n\t\tvar html = \"\";\r\n\t\thtml += \"<p><span>Change:</span><span>MinWidth:</span>\" + state.minWidth + \"<br>\";\r\n\t\thtml += \"<span></span><span>MaxWidth:</span>\"+ state.maxWidth + \"<br>\";\r\n\t\thtml += \"<span></span><span>MinHeight:</span>\"+ state.minHeight + \"<br>\";\r\n\t\thtml += \"<span></span><span>MaxHeight:</span>\"+ state.maxHeight + \"</p>\";\r\n\r\n\t\t$(\".demo_basic\").prepend(html);\r\n\t}\r\n\r\n\tfunction logBind() {\r\n\t\tvar mql = this,\r\n\t\t\ttype = mql.matches ? \"Enter\" : \"Leave\"\r\n\t\t\thtml = \"<p><span>\" + type + \":</span>\" + mql.media + \"<br>\";\r\n\r\n\t\t$(\".demo_binding\").prepend(html);\r\n\t}\r\n</script>\r\n\r\n<h4>Basic</h4>\r\n<div class=\"demo_output demo_basic form_textarea\"></div>\r\n\r\n<h4>Binding</h2>\r\n<div class=\"demo_output demo_binding form_textarea\"></div>"}