{"main":["number.js","number.css"],"options":[{"name":"customClass","type":"string","default":"''","description":"Class applied to instance"},{"name":"labels.up","type":"string","default":"'Up'","description":"Up arrow label"},{"name":"labels.down","type":"string","default":"'Down'","description":"Down arrow label"}],"events":[],"methods":[{"name":"defaults","description":"Extends plugin default settings; effects instances created hereafter.","params":[{"name":"options","type":"object","default":"{}","description":"New plugin defaults"}],"examples":["$.number(\"defaults\", { ... });"]},{"name":"destroy","description":"Removes plugin instance.","examples":["$(\".target\").number(\"destroy\");"]},{"name":"disable","description":"Disables target instance","examples":["$(\".target\").number(\"disable\");"]},{"name":"enable","description":"Enables target instance","examples":["$(\".target\").number(\"enable\");"]}],"name":"Number","type":"widget","description":"A jQuery plugin for cross browser number inputs.","dependencies":["core.js"],"css":[{"name":".fs-number-element","type":"element","description":"Target elmement"},{"name":".fs-number","type":"element","description":"Base widget class"},{"name":".fs-number.fs-number-disabled","type":"modifier","description":"Indicates disabled state"},{"name":".fs-number-arrow","type":"element","description":"Arrow elmement"},{"name":".fs-number-arrow:after","type":"element","description":"Arrow icon"},{"name":".fs-number-arrow.fs-number-up","type":"modifier","description":"Indicates up state"},{"name":".fs-number-arrow.fs-number-down","type":"modifier","description":"Indicates up state"}],"use":"### Basic\n\nNumber will convert input into customizable step interfaces:\n\n```javascript\n$(\"input[type=number]\").number();\n```\n\n```markup\n<input type=\"number\">\n```\n\n### Range\n\nNumber will automatically detect the minimum, maximum and increment values based on the `min`, `max` and `step` attributes:\n\n```markup\n<input type=\"number\" min=\"2\" max=\"20\" step=\"2\">\n```","demo":"<style>\r\n</style>\r\n\r\n<script>\r\n\t$(function() {\r\n\t\t$(\"input[type=number]\").number();\r\n\t});\r\n</script>\r\n\r\n<h4>Basic</h4>\r\n<fieldset class=\"form_fieldset\">\r\n\t<input type=\"number\" class=\"form_input\">\r\n</fieldset>\r\n<fieldset class=\"form_fieldset\">\r\n\t<input type=\"number\" class=\"form_input\" disabled>\r\n</fieldset>\r\n\r\n<h4>Range</h4>\r\n<fieldset class=\"form_fieldset\">\r\n\t<input type=\"number\" min=\"0\" max=\"20\" step=\"2\" class=\"form_input\">\r\n</fieldset>"}