{"main":["range.js","range.css"],"options":[{"name":"customClass","type":"string","default":"''","description":"Class applied to instance"},{"name":"formatter","type":"function","default":"false","description":"Value format function"},{"name":"labels","type":"boolean","default":"true","description":"Draw labels"},{"name":"labels.max","type":"string","description":"Max value label; defaults to max value"},{"name":"labels.min","type":"string","description":"Min value label; defaults to min value"},{"name":"vertical","type":"boolean","default":"false"}],"events":[],"methods":[{"name":"defaults","description":"Extends plugin default settings; effects instances created hereafter.","params":[{"name":"options","type":"object","default":"{}","description":"New plugin defaults"}],"examples":["$.range(\"defaults\", { ... });"]},{"name":"destroy","description":"Removes plugin instance.","examples":["$(\".target\").range(\"destroy\");"]},{"name":"disable","description":"Disables target instance","examples":["$(\".target\").range(\"disable\");"]},{"name":"enable","description":"Enables target instance","examples":["$(\".target\").range(\"enable\");"]},{"name":"resize","description":"Resizes instance","examples":["$(\".target\").range(\"resize\");"]}],"name":"Range","type":"widget","description":"A jQuery plugin for cross browser range inputs.","dependencies":["core.js","touch.js"],"css":[],"use":"### Basic\n\n","demo":"<style>\r\n</style>\r\n\r\n<script>\r\n\t$(function() {\r\n\t\t$(\"input[type=range]\").range();\r\n\t});\r\n</script>\r\n\r\n<h4>Basic</h4>\r\n<fieldset class=\"form_fieldset\">\r\n\t<input type=\"range\" class=\"form_input\">\r\n</fieldset>\r\n<fieldset class=\"form_fieldset\">\r\n\t<input type=\"range\" class=\"form_input\" disabled>\r\n</fieldset>\r\n\r\n<h4>Custom Labels</h4>\r\n<fieldset class=\"form_fieldset\">\r\n\t<input type=\"range\" class=\"form_input\" data-range-options='{\"labels\":{\"min\":\"Min\",\"max\":\"Max\"}}'>\r\n</fieldset>\r\n\r\n<h4>No Labels</h4>\r\n<fieldset class=\"form_fieldset\">\r\n\t<input type=\"range\" class=\"form_input\" data-range-options='{\"labels\":false}'>\r\n</fieldset>\r\n\r\n<h4>Custom Range</h4>\r\n<fieldset class=\"form_fieldset\">\r\n\t<input type=\"range\" class=\"form_input\" min=\"25\" max=\"75\" step=\"5\">\r\n</fieldset>\r\n\r\n<h4>Vertical</h4>\r\n<fieldset class=\"form_fieldset\">\r\n\t<input type=\"range\" class=\"form_input\" orient=\"vertical\">\r\n</fieldset>"}