{"main":["scrollbar.js","scrollbar.css"],"options":[{"name":"customClass","type":"string","default":"''","description":"Class applied to instance"},{"name":"duration","type":"int","default":"0","description":"Scroll animation length"},{"name":"handleSize","type":"int","default":"0","description":"Handle size; 0 to auto size"},{"name":"horizontal","type":"boolean","default":"false","description":"Scroll horizontally"},{"name":"trackMargin","type":"int","default":"0"}],"events":[],"methods":[{"name":"defaults","description":"Extends plugin default settings; effects instances created hereafter.","params":[{"name":"options","type":"object","default":"{}","description":"New plugin defaults"}],"examples":["$.scrollbar(\"defaults\", { ... });"]},{"name":"destroy","description":"Removes plugin instance.","examples":["$(\".target\").scrollbar(\"destroy\");"]},{"name":"resizeInstance","description":"Resizes layout on instance of plugin","examples":["$(\".target\").scrollbar(\"resize\");"]},{"name":"scroll","description":"Scrolls instance of plugin to element or position","params":[{"name":"position","type":"string || int","default":"null","description":"Target element selector or static position"},{"name":"duration","type":"int","default":"null","description":"Optional scroll duration"}],"examples":["$(\".target\").scrollbar(\"scroll\", position, duration);"]}],"name":"Scrollbar","type":"widget","description":"A jQuery plugin for .","dependencies":["core.js"],"css":[{"name":".fs-scrollbar-element","type":"element","description":"Target elmement"},{"name":".fs-scrollbar","type":"element","description":"Base widget class"},{"name":".fs-scrollbar.fs-scrollbar-horizontal","type":"modifier","description":"Indicates horizontal scrolling"},{"name":".fs-scrollbar.fs-scrollbar-setup","type":"modifier","description":"Indicates setup state"},{"name":".fs-scrollbar.fs-scrollbar-active","type":"modifier","description":"Indicates active state"},{"name":".fs-scrollbar-content","type":"element","description":"Scrolling content"},{"name":".fs-scrollbar-bar","type":"element","description":"Scrollbar container"},{"name":".fs-scrollbar-track","type":"element","description":"Scrollbar track container"},{"name":".fs-scrollbar-handle","type":"element","description":"Scrollbar handle"}],"use":"### Basic\n\nScrollbar will allow you to customize the visible scrollbar on overflow content.\n\n```javascript\n$(\".target\").scrollbar();\n```\n\n```markup\n<div class=\"target\">\n\t<p>...</p>\n</div>\n```\n\n### Horizontal\n\n```javascript\n$(\".target\").scrollbar({\n\thorizontal: true\n});\n```","demo":"<style>\r\n\t.scrollbar { border: 1px solid #eee; height: 200px; overflow: auto; margin: 20px 0 0; padding: 10px 20px 10px 20px; }\r\n\t.scrollbar.fs-scrollbar { padding: 0; }\r\n\t.scrollbar.fs-scrollbar .fs-scrollbar-content,\r\n\t.scrollbar.fs-scrollbar-active .fs-scrollbar-content { padding: 20px 40px 20px 20px; }\r\n\r\n\t.scrollbar p { margin: 0 0 20px; }\r\n\r\n\t.scrollbar.horizontal { height: 320px; padding: 0; }\r\n\r\n\t.wide_load { width: 2400px; overflow: hidden; padding: 20px 0 20px 20px; }\r\n\t.wide_load p { float: left; margin: 0 25px 0 0; width: 450px; }\r\n\r\n\t.custom_scrollbar .fs-scrollbar-handle { background: #900; border: none; border-radius: 0; right: 0; width: 100%; }\r\n</style>\r\n\r\n<script>\r\n\t$(function() {\r\n\t\t$(\".scrollbar\").scrollbar();\r\n\t});\r\n</script>\r\n\r\n<h4>Basic</h4>\r\n<div class=\"scrollbar\">\r\n\t<p>Lorem ipsum dolor sit amet, consectetur adipiscing elit. Nulla porta aliquet gravida. Aenean pulvinar blandit orci vel fermentum. Phasellus viverra pulvinar viverra. Quisque et sagittis ante. Nulla sem neque, fermentum at laoreet vel, rhoncus sit amet nisl. Donec consectetur urna ac massa placerat ac pharetra sem mollis. Integer nibh urna, placerat vel placerat in, tempor at nisi. Aenean rutrum, enim sit amet rutrum fermentum, magna justo volutpat massa, lacinia adipiscing nisl magna eget nibh. In auctor, nibh eget faucibus tristique, arcu turpis molestie orci, placerat suscipit diam nibh et erat. Curabitur tempus lectus quis odio ornare porta.</p>\r\n\t<p>Aenean odio libero, eleifend eu luctus quis, accumsan ac risus. Mauris egestas bibendum tortor vel semper. Ut egestas, erat ut rutrum tempus, massa erat commodo arcu, id congue justo odio ac erat. Quisque non purus et nunc consequat scelerisque. Vestibulum vitae tristique dolor. Suspendisse ac quam interdum libero euismod tempus. Sed a ante justo, varius commodo urna.</p>\r\n\t<p>Ut ante felis, malesuada eu eleifend convallis, tempor eget tellus. Vestibulum rhoncus elementum dui a sagittis. Praesent eu nunc vitae massa cursus luctus ac eget massa. Etiam sagittis nibh nisi, vel sagittis felis. Aliquam vulputate mauris id nunc pellentesque at fermentum lacus dapibus. Donec pretium consectetur magna sit amet egestas. Ut dignissim adipiscing purus sit amet lobortis.</p>\r\n\t<p>Curabitur ullamcorper, nisi quis convallis luctus, nunc nisi mollis felis, eu mattis nunc sapien sed sapien. Vestibulum in nisi mauris, mattis sagittis lacus. Pellentesque in sem augue, a blandit augue. Aliquam bibendum diam ac erat imperdiet vestibulum. Vivamus dignissim, quam in feugiat scelerisque, enim risus interdum turpis, in vehicula ante lorem eu erat. Mauris ac turpis luctus libero pulvinar ultricies. Praesent porttitor nulla non risus porta consequat. Nunc vulputate porta nulla non ultrices. Donec et magna eu nisl elementum scelerisque. Curabitur in vehicula dui.</p>\r\n\t<p>Suspendisse eu nibh in libero euismod condimentum eget nec enim. Suspendisse nec ligula nec augue tristique semper sed suscipit erat. Integer et nunc a augue pellentesque fringilla. Nullam leo ligula, mattis id pretium ac, suscipit sed nunc. Duis ac lorem nec velit malesuada tempus hendrerit ut metus. Quisque a lacus vel lectus rhoncus luctus. Aliquam ornare, nunc sit amet porttitor ornare, libero lectus congue enim, vitae tincidunt sapien justo et ligula. Proin vestibulum blandit fringilla. </p>\r\n</div>\r\n\r\n<h4>Customized</h4>\r\n<div class=\"scrollbar\" data-scrollbar-options='{\"customClass\":\"custom_scrollbar\",\"trackMargin\":15,\"handleSize\":40}'>\r\n\t<p>Lorem ipsum dolor sit amet, consectetur adipiscing elit. Nulla porta aliquet gravida. Aenean pulvinar blandit orci vel fermentum. Phasellus viverra pulvinar viverra. Quisque et sagittis ante. Nulla sem neque, fermentum at laoreet vel, rhoncus sit amet nisl. Donec consectetur urna ac massa placerat ac pharetra sem mollis. Integer nibh urna, placerat vel placerat in, tempor at nisi. Aenean rutrum, enim sit amet rutrum fermentum, magna justo volutpat massa, lacinia adipiscing nisl magna eget nibh. In auctor, nibh eget faucibus tristique, arcu turpis molestie orci, placerat suscipit diam nibh et erat. Curabitur tempus lectus quis odio ornare porta.</p>\r\n\t<p>Aenean odio libero, eleifend eu luctus quis, accumsan ac risus. Mauris egestas bibendum tortor vel semper. Ut egestas, erat ut rutrum tempus, massa erat commodo arcu, id congue justo odio ac erat. Quisque non purus et nunc consequat scelerisque. Vestibulum vitae tristique dolor. Suspendisse ac quam interdum libero euismod tempus. Sed a ante justo, varius commodo urna.</p>\r\n\t<p>Ut ante felis, malesuada eu eleifend convallis, tempor eget tellus. Vestibulum rhoncus elementum dui a sagittis. Praesent eu nunc vitae massa cursus luctus ac eget massa. Etiam sagittis nibh nisi, vel sagittis felis. Aliquam vulputate mauris id nunc pellentesque at fermentum lacus dapibus. Donec pretium consectetur magna sit amet egestas. Ut dignissim adipiscing purus sit amet lobortis.</p>\r\n\t<p>Curabitur ullamcorper, nisi quis convallis luctus, nunc nisi mollis felis, eu mattis nunc sapien sed sapien. Vestibulum in nisi mauris, mattis sagittis lacus. Pellentesque in sem augue, a blandit augue. Aliquam bibendum diam ac erat imperdiet vestibulum. Vivamus dignissim, quam in feugiat scelerisque, enim risus interdum turpis, in vehicula ante lorem eu erat. Mauris ac turpis luctus libero pulvinar ultricies. Praesent porttitor nulla non risus porta consequat. Nunc vulputate porta nulla non ultrices. Donec et magna eu nisl elementum scelerisque. Curabitur in vehicula dui.</p>\r\n\t<p>Suspendisse eu nibh in libero euismod condimentum eget nec enim. Suspendisse nec ligula nec augue tristique semper sed suscipit erat. Integer et nunc a augue pellentesque fringilla. Nullam leo ligula, mattis id pretium ac, suscipit sed nunc. Duis ac lorem nec velit malesuada tempus hendrerit ut metus. Quisque a lacus vel lectus rhoncus luctus. Aliquam ornare, nunc sit amet porttitor ornare, libero lectus congue enim, vitae tincidunt sapien justo et ligula. Proin vestibulum blandit fringilla. </p>\r\n</div>\r\n\r\n<h4>Horizontal</h4>\r\n<div class=\"scrollbar horizontal\" data-scrollbar-options='{\"horizontal\":true}'>\r\n\t<div class=\"wide_load\">\r\n\t\t<p>Lorem ipsum dolor sit amet, consectetur adipiscing elit. Nulla porta aliquet gravida. Aenean pulvinar blandit orci vel fermentum. Phasellus viverra pulvinar viverra. Quisque et sagittis ante. Nulla sem neque, fermentum at laoreet vel, rhoncus sit amet nisl. Donec consectetur urna ac massa placerat ac pharetra sem mollis. Integer nibh urna, placerat vel placerat in, tempor at nisi.</p>\r\n\t\t<p>Aenean odio libero, eleifend eu luctus quis, accumsan ac risus. Mauris egestas bibendum tortor vel semper. Ut egestas, erat ut rutrum tempus, massa erat commodo arcu, id congue justo odio ac erat. Quisque non purus et nunc consequat scelerisque. Vestibulum vitae tristique dolor. Suspendisse ac quam interdum libero euismod tempus. Sed a ante justo, varius commodo urna.</p>\r\n\t\t<p>Ut ante felis, malesuada eu eleifend convallis, tempor eget tellus. Vestibulum rhoncus elementum dui a sagittis. Praesent eu nunc vitae massa cursus luctus ac eget massa. Etiam sagittis nibh nisi, vel sagittis felis. Aliquam vulputate mauris id nunc pellentesque at fermentum lacus dapibus. Donec pretium consectetur magna sit amet egestas. Ut dignissim adipiscing purus sit amet lobortis.</p>\r\n\t\t<p>Curabitur ullamcorper, nisi quis convallis luctus, nunc nisi mollis felis, eu mattis nunc sapien sed sapien. Vestibulum in nisi mauris, mattis sagittis lacus. Pellentesque in sem augue, a blandit augue. Aliquam bibendum diam ac erat imperdiet vestibulum. Vivamus dignissim, quam in feugiat scelerisque, enim risus interdum turpis, in vehicula ante lorem eu erat. Mauris ac turpis luctus libero pulvinar ultricies.</p>\r\n\t\t<p>Suspendisse eu nibh in libero euismod condimentum eget nec enim. Suspendisse nec ligula nec augue tristique semper sed suscipit erat. Integer et nunc a augue pellentesque fringilla. Nullam leo ligula, mattis id pretium ac, suscipit sed nunc. Duis ac lorem nec velit malesuada tempus hendrerit ut metus. Quisque a lacus vel lectus rhoncus luctus. </p>\r\n\t</div>\r\n</div>"}